Country,Continent,EnergyConsumption,Population,UnemploymentRate,EnergyConsumptionPerCapita
USA,NorthAmerica,15000,331000000,4.0,4.5317220543806646e-05
Australia,Oceania,600,25687041,5.0,2.3358081610100594e-05
Germany,Europe,1200,83000000,3.5,1.4457831325301205e-05
Russia,Europe,2000,144104080,5.5,1.3878857559064253e-05
SouthAfrica,Africa,600,59308690,8.4,1.0116561333592092e-05
Brazil,SouthAmerica,2000,213993437,6.5,9.34608102023241e-06
Japan,Asia,1000,125960000,2.8,7.939028262940616e-06
China,Asia,8000,1444216107,3.9,5.539337195607112e-06
India,Asia,5000,1393409038,7.2,3.5883217803557837e-06
